Scientific name,ID,Parent name,ParentID
Tarentola chazaliae,100253,Tarentola,100252
Chelus fimbriata,100255,Chelus,100254
Claudius angustatus,100260,Claudius,100259
Staurotypus salvinii,100263,Staurotypus,100262
Staurotypus triporcatus,100264,Staurotypus,100262
Rhinoclemmys annulata,100286,Rhinoclemmys,100257
Rhinoclemmys areolata,100287,Rhinoclemmys,100257
Rhinoclemmys diademata,100288,Rhinoclemmys,100257
Rhinoclemmys funerea,100289,Rhinoclemmys,100257
Rhinoclemmys melanosterna,100290,Rhinoclemmys,100257
Rhinoclemmys nasuta,100291,Rhinoclemmys,100257
Rhinoclemmys pulcherrima,100292,Rhinoclemmys,100257
Rhinoclemmys punctularia,100293,Rhinoclemmys,100257
Rhinoclemmys rubida,100294,Rhinoclemmys,100257
Afzelia africana,100295,Afzelia,100266
Afzelia bella,100296,Afzelia,100266
Afzelia bipindensis,100297,Afzelia,100266
Afzelia pachyloba,100298,Afzelia,100266
Afzelia parviflora,100299,Afzelia,100266
Afzelia peturei,100300,Afzelia,100266
Afzelia quanzensis,100301,Afzelia,100266
Phrynosoma platyrhinos,100302,Phrynosoma,700
Phrynosoma asio,100303,Phrynosoma,700
Phrynosoma bauri,100304,Phrynosoma,700
Phrynosoma braconnieri,100305,Phrynosoma,700
Phrynosoma brevirostris,100306,Phrynosoma,700
Phrynosoma cornutum,100307,Phrynosoma,700
Phrynosoma diminutum,100308,Phrynosoma,700
Phrynosoma ditmarsi,100309,Phrynosoma,700
Phrynosoma douglasii,100310,Phrynosoma,700
Phrynosoma goodei,100311,Phrynosoma,700
Phrynosoma hernandesi,100312,Phrynosoma,700
Phrynosoma mcallii,100313,Phrynosoma,700
Phrynosoma modestum,100314,Phrynosoma,700
Phrynosoma orbiculare,100315,Phrynosoma,700
Phrynosoma ornatissimum,100316,Phrynosoma,700
Phrynosoma sherbrookei,100317,Phrynosoma,700
Phrynosoma solare,100318,Phrynosoma,700
Phrynosoma taurus,100319,Phrynosoma,700
Pterocarpus angolensis,100320,Pterocarpus,13162
Pterocarpus brenanii,100321,Pterocarpus,13162
Pterocarpus lucens,100322,Pterocarpus,13162
Pterocarpus mildbraedii,100323,Pterocarpus,13162
Pterocarpus officinalis,100324,Pterocarpus,13162
Pterocarpus osun,100325,Pterocarpus,13162
Pterocarpus rotundifolius,100326,Pterocarpus,13162
Pterocarpus santalinoides,100327,Pterocarpus,13162
Pterocarpus soyauxii,100328,Pterocarpus,13162
Pterocarpus tessmannii,100329,Pterocarpus,13162
Carcharhinus acronotus,100341,Carcharhinus,2636
Carcharhinus altimus,100342,Carcharhinus,2636
Carcharhinus albimarginatus,100343,Carcharhinus,2636
Carcharhinus amblyrhynchos,100344,Carcharhinus,2636
Carcharhinus amblyrhynchoides,100345,Carcharhinus,2636
Carcharhinus amboinensis,100346,Carcharhinus,2636
Carcharhinus borneensis,100347,Carcharhinus,2636
Carcharhinus cautus,100348,Carcharhinus,2636
Carcharhinus brachyurus,100349,Carcharhinus,2636
Carcharhinus brevipinna,100350,Carcharhinus,2636
Carcharhinus cerdale,100351,Carcharhinus,2636
Carcharhinus coatesi,100352,Carcharhinus,2636
Carcharhinus dussumieri,100353,Carcharhinus,2636
Carcharhinus fitzroyensis,100354,Carcharhinus,2636
Carcharhinus galapagensis,100355,Carcharhinus,2636
Carcharhinus hemiodon,100356,Carcharhinus,2636
Carcharhinus humani,100357,Carcharhinus,2636
Carcharhinus isodon,100358,Carcharhinus,2636
Carcharhinus leiodon,100359,Carcharhinus,2636
Carcharhinus leucas,100360,Carcharhinus,2636
Carcharhinus limbatus,100361,Carcharhinus,2636
Carcharhinus macloti,100362,Carcharhinus,2636
Carcharhinus porosus,100363,Carcharhinus,2636
Carcharhinus melanopterus,100364,Carcharhinus,2636
Carcharhinus obsoletus,100365,Carcharhinus,2636
Carcharhinus obscurus,67070,Carcharhinus,2636
Carcharhinus perezi,100366,Carcharhinus,2636
Carcharhinus plumbeus,67350,Carcharhinus,2636
Carcharhinus signatus,100367,Carcharhinus,2636
Carcharhinus sealei,100368,Carcharhinus,2636
Carcharhinus sorrah,100369,Carcharhinus,2636
Carcharhinus tilstoni,100370,Carcharhinus,2636
Carcharhinus tjutjot,100371,Carcharhinus,2636
Glyphis gangeticus,100372,Glyphis,100332
Glyphis garricki,100373,Glyphis,100332
Glyphis glyphis,100374,Glyphis,100332
Isogomphodon oxyrhynchus,100375,Isogomphodon,100333
Lamiopsis temmincki,100376,Lamiopsis,100334
Lamiopsis tephrodes,100377,Lamiopsis,100334
Loxodon macrorhinus,100378,Loxodon,100335
Nasolamia velox,100379,Nasolamia,100336
Negaprion acutidens,100380,Negaprion,100337
Negaprion brevirostris,100381,Negaprion,100337
Prionace glauca,100382,Prionace,100338
Rhizoprionodon acutus,100383,Rhizoprionodon,100339
Rhizoprionodon lalandii,100384,Rhizoprionodon,100339
Rhizoprionodon longurio,100385,Rhizoprionodon,100339
Rhizoprionodon oligolinx,100386,Rhizoprionodon,100339
Rhizoprionodon porosus,100387,Rhizoprionodon,100339
Rhizoprionodon taylori,100388,Rhizoprionodon,100339
Rhizoprionodon terraenovae,100389,Rhizoprionodon,100339
Scoliodon laticaudus,100390,Scoliodon,100340
Scoliodon macrorhynchos,100391,Scoliodon,100340
Acroteriobatus andysabini,100395,Acroteriobatus,100392
Acroteriobatus annulatus,100396,Acroteriobatus,100392
Acroteriobatus blochii,100397,Acroteriobatus,100392
Acroteriobatus leucospilus,100398,Acroteriobatus,100392
Acroteriobatus ocellatus,100399,Acroteriobatus,100392
Acroteriobatus omanensis,100400,Acroteriobatus,100392
Acroteriobatus salalah,100401,Acroteriobatus,100392
Acroteriobatus stehmanni,100402,Acroteriobatus,100392
Acroteriobatus variegatus,100403,Acroteriobatus,100392
Acroteriobatus zanzibarensis,100404,Acroteriobatus,100392
Pseudobatos buthi,100405,Pseudobatos,100393
Pseudobatos glaucostigma,100406,Pseudobatos,100393
Pseudobatos horkelii,100407,Pseudobatos,100393
Pseudobatos lentiginosus,100408,Pseudobatos,100393
Pseudobatos leucorhynchus,100409,Pseudobatos,100393
Pseudobatos percellens,100410,Pseudobatos,100393
Pseudobatos planiceps,100411,Pseudobatos,100393
Pseudobatos prahli,100412,Pseudobatos,100393
Pseudobatos productus,100413,Pseudobatos,100393
Rhinobatos albomaculatus,100414,Rhinobatos,100394
Rhinobatos annandalei,100415,Rhinobatos,100394
Rhinobatos austini,100416,Rhinobatos,100394
Rhinobatos borneensis,100417,Rhinobatos,100394
Rhinobatos holcorhynchus,100418,Rhinobatos,100394
Rhinobatos hynnicephalus,100419,Rhinobatos,100394
Rhinobatos irvinei,100420,Rhinobatos,100394
Rhinobatos jimbaranensis,100421,Rhinobatos,100394
Rhinobatos lionotus,100422,Rhinobatos,100394
Rhinobatos manai,100423,Rhinobatos,100394
Rhinobatos nudidorsalis,100424,Rhinobatos,100394
Rhinobatos penggali,100425,Rhinobatos,100394
Rhinobatos punctifer,100426,Rhinobatos,100394
Rhinobatos ranongensis,100427,Rhinobatos,100394
Rhinobatos rhinobatos,100428,Rhinobatos,100394
Rhinobatos sainsburyi,100429,Rhinobatos,100394
Rhinobatos schlegelii,100430,Rhinobatos,100394
Rhinobatos whitei,100431,Rhinobatos,100394
Sphyrna tiburo,100432,Sphyrna,1499
Sphyrna media,100433,Sphyrna,1499
Sphyrna corona,100435,Sphyrna,1499
Eusphyra blochii,100437,Eusphyra,100436
Khaya nyasica,67228,Khaya,67594
Khaya agboensis,100438,Khaya,67594
Khaya euryphylla,100439,Khaya,67594
Dipteryx alata,100440,Dipteryx,13170
Dipteryx casiquiarensis,100441,Dipteryx,13170
Dipteryx charapilla,100442,Dipteryx,13170
Dipteryx ferrea,100443,Dipteryx,13170
Dipteryx lacunifera,100444,Dipteryx,13170
Dipteryx magnifica,100445,Dipteryx,13170
Dipteryx micrantha,100446,Dipteryx,13170
Dipteryx odorata,100447,Dipteryx,13170
Dipteryx oleifera,100448,Dipteryx,13170
Dipteryx polyphylla,100449,Dipteryx,13170
Dipteryx punctata,100450,Dipteryx,13170
Dipteryx rosea,100451,Dipteryx,13170
Dipteryx tetraphylla,100452,Dipteryx,13170
Dipteryx trifoliolata,100453,Dipteryx,13170
Rhodiola purpureoviridis,100454,Rhodiola,99655
Kinosternon acutum,100455,Kinosternon,100261
Kinosternon alamosae,100456,Kinosternon,100261
Kinosternon angustipons,100457,Kinosternon,100261
Kinosternon baurii,100458,Kinosternon,100261
Kinosternon chimalhuaca,100459,Kinosternon,100261
Kinosternon creaseri,100460,Kinosternon,100261
Kinosternon dunni,100461,Kinosternon,100261
Kinosternon durangoense,100462,Kinosternon,100261
Kinosternon flavescens,100463,Kinosternon,100261
Kinosternon herrerai,100464,Kinosternon,100261
Kinosternon hirtipes,100465,Kinosternon,100261
Kinosternon integrum,100466,Kinosternon,100261
Kinosternon leucostomum,100467,Kinosternon,100261
Kinosternon oaxacae,100468,Kinosternon,100261
Kinosternon scorpioides,100469,Kinosternon,100261
Kinosternon sonoriense,100470,Kinosternon,100261
Kinosternon subrubrum,100471,Kinosternon,100261
Kinosternon vogti,100472,Kinosternon,100261
Kinosternon cora,100473,Kinosternon,100261
Celsiella revocata,100486,Celsiella,100474
Celsiella vozmedianoi,100487,Celsiella,100474
Centrolene acanthidiocephalum,100488,Centrolene,100475
Centrolene altitudinalis,100489,Centrolene,100475
Centrolene antioquiensis,100490,Centrolene,100475
Centrolene azulae,100491,Centrolene,100475
Centrolene ballux,100492,Centrolene,100475
Centrolene buckleyi,100493,Centrolene,100475
Centrolene charapita,100494,Centrolene,100475
Centrolene condor,100495,Centrolene,100475
Centrolene daidalea,100496,Centrolene,100475
Centrolene geckoidea,100497,Centrolene,100475
Centrolene heloderma,100498,Centrolene,100475
Centrolene hesperia,100499,Centrolene,100475
Centrolene huilensis,100500,Centrolene,100475
Centrolene hybrida,100501,Centrolene,100475
Centrolene lemniscata,100502,Centrolene,100475
Centrolene lynchi,100503,Centrolene,100475
Centrolene medemi,100504,Centrolene,100475
Centrolene muelleri,100505,Centrolene,100475
Centrolene notosticta,100506,Centrolene,100475
Centrolene paezorum,100507,Centrolene,100475
Centrolene peristicta,100508,Centrolene,100475
Centrolene petrophilum,100509,Centrolene,100475
Centrolene pipilata,100510,Centrolene,100475
Centrolene quindianum,100511,Centrolene,100475
Centrolene robledoi,100512,Centrolene,100475
Centrolene sabini,100513,Centrolene,100475
Centrolene sanchezi,100514,Centrolene,100475
Centrolene savagei,100515,Centrolene,100475
Centrolene solitaria,100516,Centrolene,100475
Centrolene venezuelense,100517,Centrolene,100475
Chimerella corleone,100518,Chimerella,100476
Chimerella mariaelenae,100519,Chimerella,100476
Cochranella duidaeana,100520,Cochranella,100477
Cochranella erminea,100521,Cochranella,100477
Cochranella euhystrix,100522,Cochranella,100477
Cochranella euknemos,100523,Cochranella,100477
Cochranella geijskesi,100524,Cochranella,100477
Cochranella granulosa,100525,Cochranella,100477
Cochranella guayasamini,100526,Cochranella,100477
Cochranella litoralis,100527,Cochranella,100477
Cochranella mache,100528,Cochranella,100477
Cochranella megista,100529,Cochranella,100477
Cochranella nola,100530,Cochranella,100477
Cochranella ramirezi,100531,Cochranella,100477
Cochranella resplendens,100532,Cochranella,100477
Cochranella riveroi,100533,Cochranella,100477
Cochranella xanthocheridia,100534,Cochranella,100477
Espadarana andina,100535,Espadarana,100478
Espadarana audax,100536,Espadarana,100478
Espadarana callistomma,100537,Espadarana,100478
Espadarana durrellorum,100538,Espadarana,100478
Espadarana prosoblepon,100539,Espadarana,100478
Hyalinobatrachium adespinosai,100540,Hyalinobatrachium,100479
Hyalinobatrachium anachoretus,100541,Hyalinobatrachium,100479
Hyalinobatrachium aureoguttatum,100542,Hyalinobatrachium,100479
Hyalinobatrachium bergeri,100543,Hyalinobatrachium,100479
Hyalinobatrachium cappellei,100544,Hyalinobatrachium,100479
Hyalinobatrachium carlesvilai,100545,Hyalinobatrachium,100479
Hyalinobatrachium chirripoi,100546,Hyalinobatrachium,100479
Hyalinobatrachium colymbiphyllum,100547,Hyalinobatrachium,100479
Hyalinobatrachium dianae,100548,Hyalinobatrachium,100479
Hyalinobatrachium duranti,100549,Hyalinobatrachium,100479
Hyalinobatrachium esmeralda,100550,Hyalinobatrachium,100479
Hyalinobatrachium fleischmanni,100551,Hyalinobatrachium,100479
Hyalinobatrachium fragile,100552,Hyalinobatrachium,100479
Hyalinobatrachium guairarepanense,100553,Hyalinobatrachium,100479
Hyalinobatrachium iaspidiense,100554,Hyalinobatrachium,100479
Hyalinobatrachium ibama,100555,Hyalinobatrachium,100479
Hyalinobatrachium kawense,100556,Hyalinobatrachium,100479
Hyalinobatrachium mashpi,100557,Hyalinobatrachium,100479
Hyalinobatrachium mesai,100558,Hyalinobatrachium,100479
Hyalinobatrachium mondolfii,100559,Hyalinobatrachium,100479
Hyalinobatrachium muiraquitan,100560,Hyalinobatrachium,100479
Hyalinobatrachium munozorum,100561,Hyalinobatrachium,100479
Hyalinobatrachium nouns,100562,Hyalinobatrachium,100479
Hyalinobatrachium orientale,100563,Hyalinobatrachium,100479
Hyalinobatrachium orocostale,100564,Hyalinobatrachium,100479
Hyalinobatrachium pallidum,100565,Hyalinobatrachium,100479
Hyalinobatrachium pellucidum,100566,Hyalinobatrachium,100479
Hyalinobatrachium talamancae,100567,Hyalinobatrachium,100479
Hyalinobatrachium tatayoi,100568,Hyalinobatrachium,100479
Hyalinobatrachium taylori,100569,Hyalinobatrachium,100479
Hyalinobatrachium tricolor,100570,Hyalinobatrachium,100479
Hyalinobatrachium valerioi,100571,Hyalinobatrachium,100479
Hyalinobatrachium vireovittatum,100572,Hyalinobatrachium,100479
Hyalinobatrachium viridissimum,100573,Hyalinobatrachium,100479
Hyalinobatrachium yaku,100574,Hyalinobatrachium,100479
Ikakogi ispacue,100575,Ikakogi,100480
Ikakogi tayrona,100576,Ikakogi,100480
Nymphargus anomalus,100577,Nymphargus,100481
Nymphargus armatus,100578,Nymphargus,100481
Nymphargus balionotus,100579,Nymphargus,100481
Nymphargus bejaranoi,100580,Nymphargus,100481
Nymphargus buenaventura,100581,Nymphargus,100481
Nymphargus cariticommatus,100582,Nymphargus,100481
Nymphargus caucanus,100583,Nymphargus,100481
Nymphargus chami,100584,Nymphargus,100481
Nymphargus chancas,100585,Nymphargus,100481
Nymphargus cochranae,100586,Nymphargus,100481
Nymphargus colomai,100587,Nymphargus,100481
Nymphargus cristinae,100588,Nymphargus,100481
Nymphargus garciae,100589,Nymphargus,100481
Nymphargus grandisonae,100590,Nymphargus,100481
Nymphargus griffithsi,100591,Nymphargus,100481
Nymphargus humboldti,100592,Nymphargus,100481
Nymphargus ignotus,100593,Nymphargus,100481
Nymphargus lasgralarias,100594,Nymphargus,100481
Nymphargus laurae,100595,Nymphargus,100481
Nymphargus lindae,100596,Nymphargus,100481
Nymphargus luminosus,100597,Nymphargus,100481
Nymphargus luteopunctatus,100598,Nymphargus,100481
Nymphargus manduriacu,100599,Nymphargus,100481
Nymphargus mariae,100600,Nymphargus,100481
Nymphargus megacheirus,100601,Nymphargus,100481
Nymphargus mixomaculatus,100602,Nymphargus,100481
Nymphargus nephelophila,100603,Nymphargus,100481
Nymphargus ocellatus,100604,Nymphargus,100481
Nymphargus oreonympha,100605,Nymphargus,100481
Nymphargus phenax,100606,Nymphargus,100481
Nymphargus pluvialis,100607,Nymphargus,100481
Nymphargus posadae,100608,Nymphargus,100481
Nymphargus prasinus,100609,Nymphargus,100481
Nymphargus rosada,100610,Nymphargus,100481
Nymphargus ruizi,100611,Nymphargus,100481
Nymphargus siren,100612,Nymphargus,100481
Nymphargus spilotus,100613,Nymphargus,100481
Nymphargus sucre,100614,Nymphargus,100481
Nymphargus truebae,100615,Nymphargus,100481
Nymphargus vicenteruedai,100616,Nymphargus,100481
Nymphargus wileyi,100617,Nymphargus,100481
Rulyrana adiazeta,100618,Rulyrana,100482
Rulyrana flavopunctata,100619,Rulyrana,100482
Rulyrana mcdiarmidi,100620,Rulyrana,100482
Rulyrana saxiscandens,100621,Rulyrana,100482
Rulyrana spiculata,100622,Rulyrana,100482
Rulyrana susatamai,100623,Rulyrana,100482
Sachatamia albomaculata,100624,Sachatamia,100483
Sachatamia electrops,100625,Sachatamia,100483
Sachatamia ilex,100626,Sachatamia,100483
Sachatamia orejuela,100627,Sachatamia,100483
Sachatamia punctulata,100628,Sachatamia,100483
Teratohyla adenocheira,100629,Teratohyla,100484
Teratohyla amelie,100630,Teratohyla,100484
Teratohyla midas,100631,Teratohyla,100484
Teratohyla pulverata,100632,Teratohyla,100484
Teratohyla spinosa,100633,Teratohyla,100484
Vitreorana antisthenesi,100634,Vitreorana,100485
Vitreorana baliomma,100635,Vitreorana,100485
Vitreorana castroviejoi,100636,Vitreorana,100485
Vitreorana eurygnatha,100637,Vitreorana,100485
Vitreorana franciscana,100638,Vitreorana,100485
Vitreorana gorzulae,100639,Vitreorana,100485
Vitreorana helenae,100640,Vitreorana,100485
Vitreorana parvula,100641,Vitreorana,100485
Vitreorana ritae,100642,Vitreorana,100485
Vitreorana uranoscopa,100643,Vitreorana,100485
Sternotherus carinatus,100644,Sternotherus,30159
Sternotherus depressus,100645,Sternotherus,30159
Sternotherus minor,100646,Sternotherus,30159
Sternotherus odoratus,100647,Sternotherus,30159
Cyrtodactylus jeyporensis,100648,Cyrtodactylus,29937
Melopyrrha nigra,100665,Melopyrrha,100656
Tiaris canorus,100666,Tiaris,100657
Mestoklema tuberosum,100667,Mestoklema,100659
Raphionacme zeyheri,100668,Raphionacme,100660
Tylecodon bodleyae,100669,Tylecodon,100661
Tylecodon nolteei,100670,Tylecodon,100661
Tylecodon reticulatus,100671,Tylecodon,100661
Monsonia herrei,100672,Monsonia,100662
Monsonia multifida,100673,Monsonia,100662
Monsonia patersonii,100674,Monsonia,100662
Pelargonium crassicaule,100675,Pelargonium,100663
Pelargonium triste,100676,Pelargonium,100663
Portulacaria pygmaea,100677,Portulacaria,100664
Conophytum achabense,100678,Conophytum,100658
Conophytum acutum,100679,Conophytum,100658
Conophytum albiflorum,100680,Conophytum,100658
Conophytum angelicae,100681,Conophytum,100658
Conophytum antonii,100682,Conophytum,100658
Conophytum armianum,100683,Conophytum,100658
Conophytum auriflorum,100684,Conophytum,100658
Conophytum bachelorum,100685,Conophytum,100658
Conophytum bicarinatum,100686,Conophytum,100658
Conophytum bilobum,100687,Conophytum,100658
Conophytum blandum,100688,Conophytum,100658
Conophytum bolusiae,100689,Conophytum,100658
Conophytum breve,100690,Conophytum,100658
Conophytum brunneum,100691,Conophytum,100658
Conophytum bruynsii,100692,Conophytum,100658
Conophytum burgeri,100693,Conophytum,100658
Conophytum buysianum,100694,Conophytum,100658
Conophytum calculus,100695,Conophytum,100658
Conophytum caroli,100697,Conophytum,100658
Conophytum carpianum,100698,Conophytum,100658
Conophytum chauviniae,100699,Conophytum,100658
Conophytum chrisocruxum,100700,Conophytum,100658
Conophytum chrisolum,100701,Conophytum,100658
Conophytum comptonii,100702,Conophytum,100658
Conophytum concavum,100703,Conophytum,100658
Conophytum confusum,100704,Conophytum,100658
Conophytum crateriforme,100705,Conophytum,100658
Conophytum cubicum,100706,Conophytum,100658
Conophytum depressum,100707,Conophytum,100658
Conophytum devium,100708,Conophytum,100658
Conophytum ectypum,100709,Conophytum,100658
Conophytum ernstii,100710,Conophytum,100658
Conophytum fibuliforme,100711,Conophytum,100658
Conophytum ficiforme,100712,Conophytum,100658
Conophytum flavum,100713,Conophytum,100658
Conophytum francoiseae,100714,Conophytum,100658
Conophytum fraternum,100715,Conophytum,100658
Conophytum friedrichiae,100716,Conophytum,100658
Conophytum frutescens,100717,Conophytum,100658
Conophytum fulleri,100718,Conophytum,100658
Conophytum globosum,100719,Conophytum,100658
Conophytum halenbergense,100720,Conophytum,100658
Conophytum hammeri,100721,Conophytum,100658
Conophytum hanae,100722,Conophytum,100658
Conophytum herreanthus,100723,Conophytum,100658
Conophytum hians,100724,Conophytum,100658
Conophytum hyracis,100725,Conophytum,100658
Conophytum irmae,100726,Conophytum,100658
Conophytum jarmilae,100727,Conophytum,100658
Conophytum joubertii,100736,Conophytum,100658
Conophytum jucundum,100737,Conophytum,100658
Conophytum khamiesbergense,100738,Conophytum,100658
Conophytum klinghardtense,100739,Conophytum,100658
Conophytum limpidum,100740,Conophytum,100658
Conophytum lithopsoides,100741,Conophytum,100658
Conophytum loescheanum,100742,Conophytum,100658
Conophytum longibracteatum,100743,Conophytum,100658
Conophytum longum,100744,Conophytum,100658
Conophytum luckhoffii,100745,Conophytum,100658
Conophytum lydiae,100746,Conophytum,100658
Conophytum marginatum,100747,Conophytum,100658
Conophytum maughanii,100748,Conophytum,100658
Conophytum meyeri,100749,Conophytum,100658
Conophytum minimum,100750,Conophytum,100658
Conophytum minusculum,100751,Conophytum,100658
Conophytum minutum,100752,Conophytum,100658
Conophytum mirabile,100753,Conophytum,100658
Conophytum obcordellum,100754,Conophytum,100658
Conophytum obscurum,100755,Conophytum,100658
Conophytum pageae,100756,Conophytum,100658
Conophytum pellucidum,100757,Conophytum,100658
Conophytum phoeniceum,100758,Conophytum,100658
Conophytum piluliforme,100759,Conophytum,100658
Conophytum pium,100760,Conophytum,100658
Conophytum praesectum,100761,Conophytum,100658
Conophytum pubescens,100762,Conophytum,100658
Conophytum pubicalyx,100763,Conophytum,100658
Conophytum quaesitum,100764,Conophytum,100658
Conophytum ratum,100765,Conophytum,100658
Conophytum reconditum,100766,Conophytum,100658
Conophytum regale,100767,Conophytum,100658
Conophytum ricardianum,100768,Conophytum,100658
Conophytum roodiae,100769,Conophytum,100658
Conophytum rubrolineatum,100770,Conophytum,100658
Conophytum rugosum,100771,Conophytum,100658
Conophytum saxetanum,100772,Conophytum,100658
Conophytum schlechteri,100773,Conophytum,100658
Conophytum semivestitum,100774,Conophytum,100658
Conophytum smaleorum,100775,Conophytum,100658
Conophytum smorenskaduense,100776,Conophytum,100658
Conophytum stephanii,100777,Conophytum,100658
Conophytum stevens-jonesianum,100778,Conophytum,100658
Conophytum subfenestratum,100779,Conophytum,100658
Conophytum subterraneum,100780,Conophytum,100658
Conophytum swanepoelianum,100781,Conophytum,100658
Conophytum tantillum,100782,Conophytum,100658
Conophytum taylorianum,100783,Conophytum,100658
Conophytum truncatum,100784,Conophytum,100658
Conophytum turrigerum,100785,Conophytum,100658
Conophytum uviforme,100786,Conophytum,100658
Conophytum vanheerdei,100787,Conophytum,100658
Conophytum velutinum,100788,Conophytum,100658
Conophytum verrucosum,100789,Conophytum,100658
Conophytum violaciflorum,100790,Conophytum,100658
Conophytum wettsteinii,100791,Conophytum,100658
Conophytum youngii,100792,Conophytum,100658
Conophytum cupreiflorum,100793,Conophytum,100658
Conophytum marnierianum,100794,Conophytum,100658
Crassothonna clavifolia,100797,Crassothonna,100795
Agalychnis terranova,101068,Agalychnis,1507
Thelenota ananas,101070,Thelenota,101069
Thelenota anax,101071,Thelenota,101069
Thelenota rubralineata,101072,Thelenota,101069
Macaca leucogenys,101073,Macaca,1378
Cheirogaleus andysabini,101074,Cheirogaleus,2530
Cheirogaleus shethi,101075,Cheirogaleus,2530
Microcebus ganzhorni,101076,Microcebus,795
Microcebus manitatra,101077,Microcebus,795
Tarsius spectrumgurskyae,101078,Tarsius,717
Tarsius supriatnai,101079,Tarsius,717
Oreotrochilus cyanolaemus,101080,Oreotrochilus,2155
Strix hadorami,101081,Strix,2697
Abronia morenica,101083,Abronia,1703
Calumma gehringi,101084,Calumma,2713
Calumma juliae,101085,Calumma,2713
Calumma lefona,101086,Calumma,2713
Calumma roaloko,101087,Calumma,2713
Calumma uetzi,101088,Calumma,2713
Kinyongia itombwensis,101089,Kinyongia,2393
Kinyongia msuyae,101090,Kinyongia,2393
Kinyongia rugegensis,101091,Kinyongia,2393
Kinyongia tolleyae,101092,Kinyongia,2393
Cordylus namakuiyus,101093,Cordylus,1870
Uroplatus fiera,101094,Uroplatus,756
Uroplatus fotsivava,101095,Uroplatus,756
Uroplatus kelirambo,101096,Uroplatus,756
Brachylophus gau,101097,Brachylophus,903
Tupinambis cryptus,101098,Tupinambis,1155
Tupinambis cuzcoensis,101099,Tupinambis,1155
Tupinambis zuliensis,101100,Tupinambis,1155
Varanus semotus,101101,Varanus,1274
Ameerega munduruku,101102,Ameerega,696
Ameerega shihuemoy,101103,Ameerega,696
Andinobates victimatus,101104,Andinobates,1934
Oophaga anchicayensis,101105,Oophaga,1114
Oophaga andresi,101106,Oophaga,1114
Oophaga solanensis,101107,Oophaga,1114
Hippocampus casscsio,101108,Hippocampus,780
Hippocampus haema,101109,Hippocampus,780
Hippocampus japapigu,101110,Hippocampus,780
Poecilotheria srilankensis,101111,Poecilotheria,67073
Colophon deschodti,101112,Colophon,2478
Colophon switalae,101113,Colophon,2478
Colophon struempheri,101114,Colophon,2478
Tridacna lorenzi,101115,Tridacna,1888
Aloe aaata,101142,Aloe,13461
Aloe alaotrensis,101143,Aloe,13461
Aloe allochroa,101144,Aloe,13461
Aloe ambositrae,101145,Aloe,13461
Aloe ampefyana,101146,Aloe,13461
Aloe analavelonensis,101147,Aloe,13461
Aloe andersonii,101148,Aloe,13461
Aloe anodonta,101149,Aloe,13461
Aloe ansoultae,101150,Aloe,13461
Aloe antoetrana,101151,Aloe,13461
Aloe argentifolia,101152,Aloe,13461
Aloe arneodoi,101153,Aloe,13461
Aloe aufensis,101154,Aloe,13461
Aloe aurelienii,101155,Aloe,13461
Aloe austrosudanica,101156,Aloe,13461
Aloe barbara-jeppeae,101157,Aloe,13461
Aloe beankaensis,101158,Aloe,13461
Aloe belitsakensis,101159,Aloe,13461
Aloe benishangulana,101160,Aloe,13461
Aloe bernardii,101161,Aloe,13461
Aloe braamvanwykii,101162,Aloe,13461
Aloe butiabana,101163,Aloe,13461
Aloe calliantha,101164,Aloe,13461
Aloe cataractarum,101165,Aloe,13461
Aloe cataractarum,101165,Aloe,13461
Aloe cipolinicola,101167,Aloe,13461
Aloe condyae,101168,Aloe,13461
Aloe darainensis,101169,Aloe,13461
Aloe deinacantha,101171,Aloe,13461
Aloe djiboutiensis,101172,Aloe,13461
Aloe doddsiorum,101173,Aloe,13461
Aloe downsiana,101174,Aloe,13461
Aloe edouardii,101175,Aloe,13461
Aloe elegantissima,101176,Aloe,13461
Aloe elkerriana,101177,Aloe,13461
Aloe ericahenriettae,101178,Aloe,13461
Aloe eximia,101179,Aloe,13461
Aloe gautieri,101180,Aloe,13461
Aloe ghibensis,101181,Aloe,13461
Aloe gneissicola,101182,Aloe,13461
Aloe graniticola,101183,Aloe,13461
Aloe haggeherensis,101184,Aloe,13461
Aloe haroniensis,101185,Aloe,13461
Aloe huntleyana,101186,Aloe,13461
Aloe ifanadianae,101187,Aloe,13461
Aloe ikiorum,101188,Aloe,13461
Aloe iringaensis,101189,Aloe,13461
Aloe ithya,101190,Aloe,13461
Aloe ivakoanyensis,101191,Aloe,13461
Aloe jibisana,101192,Aloe,13461
Aloe johannis-bernardii,101193,Aloe,13461
Aloe johannis-philippei,101194,Aloe,13461
Aloe kahinii,101195,Aloe,13461
Aloe kamnelii,101196,Aloe,13461
Aloe kaokoensis,101197,Aloe,13461
Aloe knersvlakensis,101198,Aloe,13461
Aloe koenenii,101199,Aloe,13461
Aloe kwasimbana,101200,Aloe,13461
Aloe lanata,101201,Aloe,13461
Aloe latens,101202,Aloe,13461
Aloe liliputana,101203,Aloe,13461
Aloe lukeana,101204,Aloe,13461
Aloe manandonae,101205,Aloe,13461
Aloe mandrarensis,101206,Aloe,13461
Aloe mangeaensis,101207,Aloe,13461
Aloe maningoryensis,101208,Aloe,13461
Aloe martialii,101209,Aloe,13461
Aloe miskatana,101210,Aloe,13461
Aloe mkushiana,101211,Aloe,13461
Aloe mocamedensis,101212,Aloe,13461
Aloe momccoyae,101213,Aloe,13461
Aloe montis-nabro,101214,Aloe,13461
Aloe mossurilensis,101215,Aloe,13461
Aloe mottramiana,101216,Aloe,13461
Aloe neilcrouchii,101217,Aloe,13461
Aloe neoqaharensis,101218,Aloe,13461
Aloe neosteudneri,101219,Aloe,13461
Aloe newtonii,101220,Aloe,13461
Aloe ngutwaensis,101221,Aloe,13461
Aloe nicholsii,101222,Aloe,13461
Aloe niensiensis,101223,Aloe,13461
Aloe nigrimontana,101224,Aloe,13461
Aloe nordaliae,101225,Aloe,13461
Aloe nugalensis,101226,Aloe,13461
Aloe omoana,101227,Aloe,13461
Aloe pavelkae,101228,Aloe,13461
Aloe perdita,101229,Aloe,13461
Aloe rakotonasoloi,101230,Aloe,13461
Aloe rapanarivoi,101231,Aloe,13461
Aloe ribauensis,101232,Aloe,13461
Aloe richaudii,101233,Aloe,13461
Aloe rodolphei,101234,Aloe,13461
Aloe rouxii,101235,Aloe,13461
Aloe rubrodonta,101236,Aloe,13461
Aloe rulkensii,101237,Aloe,13461
Aloe ruvuensis,101238,Aloe,13461
Aloe sanguinalis,101239,Aloe,13461
Aloe saudiarabica,101240,Aloe,13461
Aloe seibanica,101241,Aloe,13461
Aloe sergoitensis,101242,Aloe,13461
Aloe sharoniae,101243,Aloe,13461
Aloe sobolifera,101244,Aloe,13461
Aloe spinitriaggregata,101245,Aloe,13461
Aloe springatei-neumannii,101246,Aloe,13461
Aloe tartarensis,101247,Aloe,13461
Aloe tegetiformis,101248,Aloe,13461
Aloe tsitongambarikana,101249,Aloe,13461
Aloe uncinata,101250,Aloe,13461
Aloe varimaculata,101251,Aloe,13461
Aloe vatovavensis,101252,Aloe,13461
Aloe virginieae,101253,Aloe,13461
Aloe wanalensis,101254,Aloe,13461
Aloe welmelensis,101255,Aloe,13461
Aloe weloensis,101256,Aloe,13461
Aloe zubb,101257,Aloe,13461
Aloe zygorabaiensis,101258,Aloe,13461
Aloe challisii,101166,Aloe,13461
Triaenodon obesus,101300,Triaenodon,101299
